Elapsed Time (s),Velocity No Drift (m/s)
0.0,0.0
0.005,-0.00038125
0.01,-0.0002231342499999996
0.016,-0.00014126849999999904
0.02,-0.00015206899999999882
0.026,-0.00041343599999999836
0.03,-0.00030655669999999843
0.035,-0.00041322049999999817
0.041,-0.0004294212499999974
0.045,-0.00032254194999999704
0.051,-0.00042700254999999705
0.055,-0.0002612833499999962
0.061,-0.0005226503499999964
0.065,-0.0005922907499999958
0.071,-0.0006967513499999949
0.076,-0.0005484422499999961
0.08,-0.0005102094999999965
0.086,-0.0007323498999999949
0.09,-0.0005666306999999957
0.096,-0.0007103178999999958
0.101,-0.0007385284999999958
0.106,-0.0006784792499999939
0.111,-0.0006184299999999962
0.117,-0.0007326972499999956
0.121,-0.0006258179499999943
0.126,-0.0007324817499999945
0.131,-0.0006724324999999934
0.136,-0.0005143167499999934
0.142,-0.0005795507499999908
0.146,-0.00041383154999999165
0.152,-0.0005575187499999926
0.156,-0.0003917995499999917
0.161,-0.0004592367499999927
0.167,-0.0004264042499999912
0.171,-0.0002018451499999907
0.177,-0.0003455323499999899
0.181,-0.00041517274999999104
0.187,-0.0005980865499999894
0.191,-0.00043236734999999027
0.197,-0.0006545077499999895
0.202,-0.0005061986499999907
0.206,-0.0004189326499999882
0.212,-0.000484166649999989
0.216,-0.0004361272499999874
0.222,-0.0005013612499999882
0.227,-0.00035305214999998766
0.232,-0.0004891358999999859
0.237,-0.0005271531499999801
0.241,-0.0005379536499999851
0.247,-0.0007993206499999836
0.251,-0.0006924413499999824
0.257,-0.0009145817499999799
0.262,-0.0008839524499999786
0.268,-0.0008511199499999823
0.272,-0.0007442406499999811
0.278,-0.0009663810499999786
0.282,-0.0008006618499999743
0.287,-0.000868099049999977
0.292,-0.0010041827999999753
0.297,-0.001140266549999977
0.303,-0.0011564672999999775
0.307,-0.0009907480999999767
0.313,-0.0011736618999999768
0.317,-0.001007942699999976
0.323,-0.0011516298999999786
0.328,-0.0010621606999999776
0.332,-0.0009258614499999783
0.338,-0.0009126422499999773
0.342,-0.0007469230499999764
0.348,-0.000929836849999973
0.353,-0.0007815277499999794
0.358,-0.0008195449999999771
0.363,-0.0008085289999999745
0.367,-0.0007702962499999723
0.373,-0.0008355302499999696
0.377,-0.0006109711499999726
0.383,-0.0007546583499999718
0.388,-0.0007240290499999705
0.394,-0.0008382962999999681
0.398,-0.0006725770999999672
0.402,-0.0007029908999999709
0.408,-0.0006897716999999665
0.413,-0.0005414625999999693
0.418,-0.0006285130999999673
0.423,-0.000666530349999965
0.429,-0.0006336978499999618
0.433,-0.0003502988499999582
0.439,-0.0005724392499999592
0.443,-0.000465559949999958
0.448,-0.00045454394999996234
0.454,-0.0003236449499999586
0.458,-9.908584999995806e-05
0.464,-0.0002035464499999598
0.468,-9.666714999995857e-05
0.474,-0.00027958094999994826
0.479,-0.000307791549999957
0.483,-7.342579999995713e-05
0.489,-0.00025633959999995376
0.493,-0.0002671400999999518
0.499,-0.00045005389999994844
0.503,-0.0003431745999999472
0.509,-0.0006045415999999457
0.514,-0.0005739122999999444
0.52,-0.0006391462999999417
0.524,-0.0003557472999999381
0.528,-0.0003077078999999469
0.534,-0.00041216849999994865
0.539,-0.0004992189999999466
0.544,-0.00029206999999994293
0.549,-0.00028105399999994035
0.555,-0.0002972547499999409
0.559,-0.00019037544999993966
0.565,-0.00029483604999993446
0.569,-7.027694999994089e-05
0.574,-0.00013771414999994014
0.58,-0.00025198139999994124
0.584,-2.7422299999940725e-05
0.59,-0.00017110949999994685
0.594,-5.390299999942505e-06
0.6,-0.00026675729999994097
0.605,-5.9608299999937275e-05
0.609,2.7657700000065233e-05
0.615,-0.0002729358999999307
0.619,-4.8376799999930165e-05
0.625,-0.00019206399999992935
0.629,-0.00014402459999993122
0.635,-0.00020925859999992857
0.64,-0.0001197893999999311
0.646,-0.00013599014999993164
0.65,8.856895000006887e-05
0.654,9.738175000006954e-05
0.66,-0.00020321184999992636
0.665,-0.00017258254999992506
0.67,-0.00011253329999992567
0.675,-5.2484049999926286e-05
0.681,-0.00016675129999992738
0.685,-0.00017755179999992543
0.691,-0.00043891879999991695
0.695,-0.0002731995999999265
0.7,-0.0004190899999999345
0.706,-0.0005333572499999356
0.71,-0.00036763804999993127
0.716,-0.0006682316499999272
0.72,-0.000561352349999926
0.726,-0.000783492749999927
0.73,-0.000794293249999925
0.735,-0.0009401836499999261
0.741,-0.001103484149999924
0.745,-0.0009377649499999197
0.751,-0.001002998949999924
0.755,-0.0008372797499999196
0.761,-0.0009417403499999213
0.766,-0.0006169115499999184
0.771,-0.0007039620499999164
0.776,-0.000643912799999917
0.78,-0.0005566467999999145
0.786,-0.0007787871999999155
0.791,-0.0005716381999999118
0.796,-0.0005606221999999092
0.801,-0.0005986394499999173
0.807,-0.000810973199999919
0.811,-0.0007629337999999208
0.815,-0.0007148943999999158
0.821,-0.0009370347999999237
0.826,-0.0007887256999999231
0.832,-0.0010500926999999216
0.836,-0.0010020532999999165
0.842,-0.0012241936999999176
0.846,-0.0010584744999999202
0.852,-0.001162935099999915
0.856,-0.0010560557999999137
0.862,-0.0013174227999999122
0.867,-0.0012279535999999147
0.871,-0.001189720849999909
0.877,-0.001490314449999905
0.881,-0.0013834351499999037
0.887,-0.0014878957499998985
0.892,-0.001457266449999911
0.896,-0.0013700004499999086
0.902,-0.0015136876499999008
0.906,-0.0014068083499998996
0.912,-0.0014328157499998995
0.917,-0.0014021864499998982
0.922,-0.0013421371999998988
0.927,-0.0015272541999998973
0.933,-0.0016905546999999022
0.937,-0.001583675399999901
0.941,-0.0016140891999998908
0.947,-0.0017577763999998969
0.953,-0.0016857172999999032
0.958,-0.0015374081999998956
0.962,-0.0015482086999999006
0.968,-0.001809575699999899
0.972,-0.0017026963999998979
0.978,-0.0016894771999999003
0.982,-0.001523757999999903
0.987,-0.0013558355999998967
0.993,-0.0013720363499998972
0.997,-0.0015005166499998945
1.003,-0.001644203849999873
1.007,-0.0015373245499998855
1.013,-0.0015633319499998993
1.018,-0.0014738627499999019
1.022,-0.0015827297499999005
1.028,-0.0018833233499998964
1.032,-0.0018352839499998913
1.038,-0.0018612913499998912
1.044,-0.001965751949999886
1.048,-0.0018000327499998886
1.053,-0.0019459231499998897
1.057,-0.001858657149999901
1.063,-0.002080797549999902
1.067,-0.0021504379499999032
1.073,-0.002176445349999903
1.078,-0.0020281362499999095
1.084,-0.0021424034999999036
1.088,-0.0020355241999999024
1.094,-0.002218437999999906
1.098,-0.0019938788999998985
1.104,-0.002059112899999896
1.108,-0.002011073499999891
1.113,-0.0021961904999998894
1.119,-0.002359490999999894
1.123,-0.0021349318999998868
1.129,-0.0023178456999998903
1.133,-0.002210966399999889
1.138,-0.0023568567999998763
1.144,-0.0022749910499998832
1.149,-0.0021266819499998896
1.154,-0.0021156659499998592
1.158,-0.001979366699999874
1.164,-0.0022799602999998697
1.168,-0.0022319208999998646
1.174,-0.0025325144999998606
1.179,-0.0026195649999998794
1.183,-0.0026303654999998705
1.189,-0.0027348260999998653
1.193,-0.002510266999999858
1.199,-0.00265395419999985
1.204,-0.0026233248999998487
1.209,-0.00261230889999986
1.214,-0.0026503261499998543
1.22,-0.0026665268999998687
1.224,-0.002324287999999869
1.229,-0.002391725199999875
1.234,-0.0023807091999998448
1.239,-0.0024677596999998636
1.245,-0.0024349271999998534
1.249,-0.002210368099999846
1.255,-0.0023540552999998243
1.259,-0.002247175999999837
1.264,-0.002393066399999838
1.27,-0.002507333649999832
1.274,-0.002400454349999831
1.28,-0.002622594749999846
1.284,-0.0023980356499998384
1.29,-0.0025024962499998332
1.294,-0.002513296749999838
1.3,-0.0027746637499998367
1.305,-0.0028028743499998177
1.311,-0.0030152080999998193
1.315,-0.002908328799999818
1.319,-0.003056422399999814
1.325,-0.003082429799999814
1.33,-0.002698761099999822
1.335,-0.0026877450999997915
1.34,-0.00262769584999982
1.344,-0.0025404298499998035
1.35,-0.0027625702499998045
1.355,-0.0028496207499998094
1.36,-0.002789571499999824
1.365,-0.0025824224999998063
1.371,-0.00254958999999981
1.375,-0.002501550599999805
1.381,-0.002802144199999801
1.385,-0.0026952648999997997
1.39,-0.002762702099999778
1.396,-0.0027789028499997925
1.4,-0.002672023549999805
1.406,-0.0028157107499997974
1.41,-0.0027676713499997924
1.416,-0.0029113585499997846
1.42,-0.002686799449999777
1.426,-0.0027520334499997745
1.431,-0.002721404149999773
1.435,-0.002634138149999757
1.441,-0.0028562785499997717
1.445,-0.0026905593499997743
1.451,-0.002795019949999769
1.456,-0.0027055507499997578
1.461,-0.0027926012499997765
1.466,-0.0026835187499997526
1.47,-0.002547219499999767
1.476,-0.0026909066999997594
1.48,-0.0026428672999997543
1.486,-0.0028650076999997554
1.491,-0.002540178899999773
1.497,-0.002507346399999763
1.501,-0.002459306999999744
1.507,-0.0026422207999997616
1.511,-0.002476501599999764
1.516,-0.002504712199999773
1.521,-0.0025427294499997533
1.526,-0.0025317134499997784
1.532,-0.0024498476999997715
1.536,-0.002225288599999764
1.542,-0.0025651087999997574
1.546,-0.00239938959999976
1.552,-0.0025038501999997548
1.557,-0.002296701199999737
1.561,-0.0022094351999997486
1.567,-0.002392348999999766
1.571,-0.0022266297999997686
1.577,-0.002487996799999767
1.582,-0.002163167999999771
1.587,-0.002054085499999761
1.592,-0.0019450029999997648
1.596,-0.0018087037499997516
1.602,-0.0019523909499997577
1.606,-0.001610152049999758
1.612,-0.0017930658499997615
1.617,-0.0015270769499997477
1.623,-0.0016903774499997526
1.627,-0.001406978449999749
1.631,-0.0013197124499997465
1.637,-0.0013457198499997464
1.643,-0.0012736607499997388
1.647,-0.0012844612499997438
1.652,-0.0011949920499997463
1.658,-0.0013582925499997511
1.662,-0.00125141324999975
1.668,-0.0014343270499997396
1.672,-0.0013274477499997384
1.677,-0.0013556583499997332
1.683,-0.0013718590999997338
1.687,-0.0011472999999997402
1.693,-0.0013694403999997273
1.697,-0.0013214009999997223
1.703,-0.0015827679999997346
1.708,-0.0015521386999997333
1.712,-0.001415839449999734
1.718,-0.001441846849999734
1.722,-0.001452647349999725
1.728,-0.0015963345499997172
1.732,-0.0014306153499997198
1.738,-0.0016135291499997095
1.743,-0.001582899849999736
1.749,-0.0015991005999997365
1.753,-0.0013745414999997152
1.757,-0.0014834084999997277
1.763,-0.0017055488999997148
1.769,-0.001633489799999721
1.773,-0.0014677705999997237
1.778,-0.0015352077999997438
1.784,-0.0015514085499997443
1.788,-0.001385689349999747
1.792,-0.0013376499499997418
1.8,-0.001751516949999754
1.803,-0.0012741881499997165
1.809,-0.0015257484999997295
1.813,-0.001360029299999732
1.819,-0.001464489899999727
1.823,-0.0012399307999997333
1.829,-0.001422844599999723
1.834,-0.0013922152999997495
1.838,-0.0012559160499997502
1.844,-0.0013996032499997424
1.848,-0.0011162042499997527
1.854,-0.0012206648499997474
1.858,-0.00105494564999975
1.864,-0.0011986328499997423
1.869,-0.0012268434499997372
1.875,-0.0012920774499997345
1.879,-0.001126358249999737
1.883,-0.001078318849999732
1.889,-0.0011435528499997294
1.894,-0.0010540836499997042
1.899,-0.0009940343999997325
1.904,-0.00098301839999973
1.91,-0.0010482523999997273
1.914,-0.0008236932999997337
1.918,-0.0007756538999997287
1.924,-0.000840887899999726
1.929,-0.0009279383999997171
1.935,-0.001091238899999708
1.939,-0.0009255196999997106
1.945,-0.001186886699999723
1.949,-0.0008446477999997093
1.955,-0.0009883349999997015
1.959,-0.0008226157999997041
1.964,-0.0009685061999996913
1.97,-0.0009847069499996919
1.974,-0.0007601478499996983
1.98,-0.000943061649999688
1.984,-0.0007773424499996906
1.99,-0.0009210296499996828
1.995,-0.0008904003499996815
2.001,-0.0011517673499996661
2.005,-0.0009860481499996687
2.009,-0.0010949151499996812
2.015,-0.0011601491499996786
2.02,-0.0010706799499996533
2.025,-0.0011577304499996721
2.03,-0.0012938141999996877
2.036,-0.0014080814499996819
2.04,-0.0011835223499996606
2.044,-0.001096256349999658
2.05,-0.0013183967499996452
2.055,-0.0012289275499996755
2.061,-0.0011470617999995991
2.065,-0.0009225026999996055
2.071,-0.0010661898999996255
2.075,-0.000782790899999608
2.081,-0.0010441578999995926
2.085,-0.0009961184999996153
2.09,-0.0010243290999996102
2.096,-0.001187629599999629
2.1,-0.0011395901999996239
2.106,-0.0013225039999996135
2.11,-0.00109794489999962
2.116,-0.0012808586999996374
2.121,-0.0011325495999995883
2.125,-0.0010452835999995858
2.131,-0.0012281973999995754
2.135,-0.0011801579999995981
2.141,-0.0013630717999995878
2.146,-0.0014501222999995789
2.151,-0.0012920065499995859
2.156,-0.001280990549999611
2.162,-0.0013462245499995529
2.166,-0.0011216654499995593
2.17,-0.0011128526499995517
2.176,-0.0013742196499995918
2.181,-0.000990550949999558
2.187,-0.0009086851999995371
2.191,-0.0008606457999995598
2.197,-0.0010827861999995747
2.201,-0.0009170669999995495
2.206,-0.000984504199999514
2.211,-0.0008263884499995211
2.216,-0.0007663391999995495
2.222,-0.0007825399499994945
2.226,-0.0007933404499995411
2.232,-0.001093934049999551
2.236,-0.0008693749499995296
2.242,-0.0010915153499995167
2.247,-0.0010020461499994915
2.251,-0.000914780149999489
2.257,-0.0009407875499995166
2.261,-0.0008339082499994876
2.267,-0.001056048649999447
2.274,-0.001177919349999501
2.277,-0.0009261434999995044
2.282,-0.0011602937499994859
2.286,-0.0010730277499994834
2.292,-0.0010990351499994555
2.296,-0.000992155849999482
2.304,-0.0012491164499994767
2.307,-0.0008502408499994896
2.313,-0.0011018011999994748
2.317,-0.0009360819999994496
2.323,-0.0010405425999994444
2.327,-0.000874823399999447
2.334,-0.0010947605999994392
2.337,-0.0008429847499994425
2.342,-0.0009594551999994316
2.348,-0.0008775894499994108
2.352,-0.0005353505499994526
2.358,-0.0007182643499994423
2.364,-0.0005873653499994247
2.367,-0.00034539614999942736
2.373,-0.0005086966499994461
2.377,-0.0003429774499993654
2.383,-0.0005651178499994081
2.387,-0.0005759183499993992
2.395,-0.0009505587499993862
2.397,-0.0003969799499993487
2.403,-0.0006583469499993888
2.408,-0.0006277176499993598
2.412,-0.0006385181499993786
2.418,-0.0007822053499993709
2.424,-0.0006513063499993532
2.428,-0.0005444270499993797
2.433,-0.000690317449999367
2.438,-0.0007283346999993889
2.443,-0.000864418449999349
2.449,-0.0008806191999993496
2.455,-0.0009850797999993721
2.458,-0.0006254307999993824
2.463,-0.0007419012499993438
2.468,-0.0006818519999993444
2.474,-0.0007470859999993695
2.478,-0.0005813667999993444
2.484,-0.0007642805999993063
2.488,-0.0006574012999993328
2.493,-0.0006856118999993277
2.499,-0.000701812649999356
2.503,-0.0007714530499993433
2.509,-0.0009935934499993027
2.515,-0.0010392141499993568
2.519,-0.0009911747499993517
2.523,-0.0008646821499993518
2.529,-0.0010083693499993163
2.534,-0.0008600602499993226
2.538,-0.0006747277499993265
2.544,-0.0007399617499993238
2.548,-0.00045656274999930635
2.554,-0.0006002499499992986
2.559,-0.00033426104999934036
2.564,-0.0002251785499993164
2.569,-0.00016512929999928927
2.575,-0.00023036329999931437
2.579,5.303570000070312e-05
2.584,-5.362809999928664e-05
2.589,-4.26120999992563e-05
2.594,-0.00022772909999926871
2.6,-0.000440062849999312
2.604,-0.00039202344999930694
2.61,-0.0005749372499992689
2.614,-0.0004680579499992954
2.619,-0.0007316281499993305
2.625,-0.0007968621499993
2.629,-0.0005134631499993103
2.635,-0.0005394705499992825
2.639,-0.0003149114499992889
2.645,-0.000576278449999329
2.649,-0.0004693991499993
2.654,-0.0006152895499992594
2.66,-0.0006314902999992877
2.664,-0.0005246109999992588
2.67,-0.0007075247999992207
2.674,-0.0005418055999992233
2.68,-0.0006854927999992433
2.685,-0.0006548634999992142
2.69,-0.0006928807499992085
2.695,-0.0005837982499991845
2.699,-0.0006436319999992002
2.705,-0.0007480925999992227
2.709,-0.0005823733999991976
2.715,-0.000804513799999157
2.72,-0.0006562046999991911
2.726,-0.0007704719499991575
2.73,-0.0005459128499991639
2.736,-0.0006503734499991587
2.74,-0.0006611739499991498
2.745,-0.0008462909499991622
2.751,-0.001009591449999181
2.755,-0.0009615520499992036
2.761,-0.0011836924499991908
2.765,-0.0009591333499991694
2.771,-0.0010243673499991668
2.775,-0.0009763279499991895
2.78,-0.0010829917499991515
2.786,-0.0012953254999991948
2.79,-0.0008942466999991572
2.796,-0.0009987072999991242
2.8,-0.0007741481999991584
2.806,-0.0011139683999991656
2.811,-0.0012010188999991567
2.816,-0.0011409696499991573
2.821,-0.0010809203999991857
2.825,-0.0009936543999991554
2.831,-0.0011373415999991199
2.835,-0.0011481420999991387
2.841,-0.0012918292999991587
2.846,-0.0011435201999991096
2.852,-0.0011106876999991133
2.856,-0.0009449684999991159
2.86,-0.0009361556999991083
2.866,-0.0010798428999991005
2.871,-0.0010492135999990715
2.876,-0.0011362640999990903
2.881,-0.0011252480999990877
2.887,-0.0011414488499990882
2.891,-0.0009168897499990669
2.897,-0.001139030149999054
2.901,-0.0010909907499990767
2.906,-0.0013153343499991144
2.912,-0.0012825018499990626
2.916,-0.0011167826499990652
2.922,-0.0012604698499990852
2.926,-0.0009770708499990677
2.932,-0.0011599846499990296
2.937,-0.0012470351499990484
2.942,-0.0012360191499990736
2.947,-0.0011269366499990496
2.951,-0.001088703899999044
2.957,-0.001389297499999026
2.961,-0.0012235782999990286
2.967,-0.0013280388999990511
2.972,-0.0015327691999990067
2.978,-0.0014999366999990382
2.982,-0.0010400179999990045
2.986,-0.0010704317999989943
2.992,-0.0013317987999989789
2.997,-0.0011834896999989852
3.002,-0.001074407199998989
3.007,-0.001112424449999011
3.013,-0.0012757249499989742
3.017,-0.0011688456499990008
3.023,-0.0012733062499990233
3.027,-0.0009899072499990058
3.032,-0.0010965710499989956
3.038,-0.001210838299998962
3.042,-0.0012216387999989808
3.048,-0.001483005799999021
3.052,-0.0012584466999989996
3.058,-0.0013236806999989692
3.063,-0.0012930513999990234
3.067,-0.00125481864999899
3.073,-0.0013592792499989848
3.077,-0.0011347201499989912
3.083,-0.0013568605499989783
3.087,-0.0012499812499989493
3.093,-0.0013152152499989467
3.098,-0.0011080662499989291
3.102,-0.0010698334999989234
3.108,-0.0012135206999989434
3.112,-0.0011066413999989144
3.118,-0.001368008399998899
3.123,-0.0012785391999989293
3.128,-0.0013165564499988958
3.133,-0.0012565071999988964
3.139,-0.0013707744499988628
3.143,-0.0012050552499988654
3.147,-0.0011962424499988578
3.153,-0.0012614764499988829
3.158,-0.0010543274499988653
3.164,-0.001217627949998884
3.168,-0.0010519087499988589
3.174,-0.0010386895499988613
3.178,-0.0008141304499988677
3.184,-0.00095781764999886
3.188,-0.0007920984499988348
3.193,-0.0008595356499988271
3.199,-0.0009247696499988245
3.203,-0.0008767302499988472
3.209,-0.000981190849998842
3.213,-0.000991991349998833
3.219,-0.0010572253499988304
3.224,-0.0008500763499988684
3.228,-0.0008608768499988595
3.234,-0.0010437906499988214
3.238,-0.0007603916499988317
3.244,-0.0008648522499988542
3.249,-0.0008342229499987974
3.254,-0.0008232069499987948
3.259,-0.0007141244499987986
3.265,-0.000730325199998827
3.269,-0.0005646059999988018
3.273,-0.0006342463999987891
3.279,-0.0007779335999987536
3.284,-0.0006884643999987561
3.29,-0.0008517648999987748
3.294,-0.0005683658999987573
3.3,-0.0007120530999987773
3.304,-0.0005463338999988077
3.309,-0.0006529976999988252
3.314,-0.0006419816999987948
3.319,-0.0005819324499988232
3.325,-0.0005981331999988515
3.329,-0.000314734199998834
3.335,-0.0003015149999988087
3.339,-0.00019463569999883523
3.345,-0.00033832289999885523
3.35,-0.00019001379999883383
3.354,-0.00010274779999885908
3.36,-0.00016798179999888418
3.364,-6.110249999891071e-05
3.37,-0.00024401629999892815
3.375,-0.00027222689999889527
3.38,-0.00016314439999892683
3.385,-0.0002011616499989488
3.391,-0.0003154288999989707
3.395,-0.0003262293999989341
3.399,-0.00035664319999895167
3.405,-0.00042187719999897677
3.41,-0.00033240799999900705
3.416,-0.00044667524999897346
3.42,-0.00022211614999900764
3.426,-0.00028735014999903274
3.43,-6.279104999906693e-05
3.435,-0.00020868144999902638
3.44,-0.0003937984499990388
3.445,-0.00038278244999906397
3.451,-0.00039898319999909226
3.455,-0.00035094379999905945
3.461,-0.0005338575999990769
3.465,-0.0004269782999991034
3.471,-0.000531438899999126
3.476,-0.0003242898999991084
3.48,-0.00018799064999913684
3.486,-0.0003709044499992098
3.49,-0.0002640251499991808
3.496,-0.00044693894999914274
3.501,-0.00029862984999917686
3.506,-0.00038568034999919565
3.511,-0.00042369759999927314
3.515,-0.00028739834999924607
3.521,-0.0005095387499992055
3.525,-0.000402659449999232
3.531,-0.00042866684999925964
3.536,-0.00010383804999919422
3.542,-2.1972299999228895e-05
3.546,8.490700000074458e-05
3.552,-0.00013723339999932582
3.556,8.73257000006955e-05
3.561,1.9888500000730946e-05
3.566,-0.00011619524999928466
3.571,-0.00010517924999936534
3.577,-7.234674999928581e-05
3.581,9.337245000068384e-05
3.587,-0.00012876794999938657
3.591,3.695125000063859e-05
3.597,-0.00014596254999932334
3.602,0.00012002635000063488
3.606,0.00020729235000060964
3.612,-1.4848049999460766e-05
3.616,0.00020971105000056056
3.622,0.00014447705000059097
3.626,0.00019251645000056827
3.632,8.805585000049021e-05
3.637,0.0002363649500005116
3.641,0.0004707307000004768
3.647,0.00036627010000050975
3.651,0.0004731494000004832
3.657,0.0004079154000004026
3.662,0.0004385447000004872
3.667,0.0004985939500004588
3.672,0.0005586432000003749
3.678,0.0004443759500004085
3.682,0.000551255250000382
3.687,0.0003661382500004251
3.692,0.00047522075000033803
3.697,0.0006823697500003556
3.703,0.000617135750000386
3.707,0.0008416948500003518
3.713,0.0006980076500002763
3.717,0.0009814066500002938
3.722,0.0008355162500002788
3.728,0.0007702822500002537
3.732,0.0008771615500002827
3.738,0.0007334743500002627
3.742,0.0009580334500002285
3.748,0.0008143462500002085
3.752,0.0008623856500002969
3.757,0.0007557218500002238
3.763,0.0007395211000002511
3.767,0.0009640802000002169
3.773,0.0007811664000001994
3.777,0.0009468856000002246
3.783,0.0007247452000002097
3.788,0.0006376947000002464
3.793,0.0006487107000001657
3.798,0.0006106934500001993
3.802,0.0008450592000001644
3.808,0.0007798252000001393
3.813,0.0006339348000001244
3.818,0.0006449508000001547
3.823,0.0006069335500001327
3.829,0.00029653330000012357
3.833,0.00040341260000015255
3.839,0.00033817860000012745
3.843,0.0003273781000001086
3.848,0.00014226110000009617
3.854,0.0002241268500000615
3.858,0.000507525850000079
3.864,0.0002853854500000641
3.868,0.0005099445500000299
3.874,0.0004447105500000048
3.878,0.0006692696500000261
3.883,0.00048415265000001373
3.889,0.0003698853999999918
3.893,0.0004767646999999653
3.899,0.00037230409999994274
3.903,0.0005380232999999679
3.909,0.00035510949999995045
3.914,0.00032689889999992783
3.919,0.00033791489999995816
3.924,0.00025086439999993937
3.928,0.0001910306499999237
3.934,0.0001257966499998986
3.938,0.0004091956499999161
3.944,0.00038318824999994394
3.949,0.0005314973499999098
3.955,0.0005152965999998815
3.959,0.0006810157999999067
3.963,0.0006113753999998917
3.969,0.0005069147999998691
3.974,0.0005375440999998427
3.98,0.00042327684999987625
3.984,0.0007066758499998382
3.99,0.0005237620499998208
3.994,0.0008071610499998383
4.0,0.0006634738499998183
4.004,0.0008880329499998396
4.009,0.0009775021499997538
4.015,0.0010593678999998302
4.019,0.0011662471999998036
4.025,0.0010225599999997836
4.029,0.0013059589999998567
4.035,0.001201498399999834
4.04,0.0014674872999998478
4.045,0.0014294700499998259
4.05,0.001342419549999807
4.054,0.0014787187999997786
4.06,0.001413484799999809
4.064,0.0016380438999997748
4.07,0.001455130099999813
4.075,0.0016034391999998343
4.081,0.0014891719499997569
4.085,0.001478371449999849
4.089,0.001369504449999781
4.095,0.001225817249999872
4.1,0.001550646049999771
4.105,0.0014635955499996967
4.11,0.0013765450499997334
4.116,0.0013603442999997606
4.12,0.001467223599999734
4.126,0.0012450831999997192
4.13,0.0011166028999997635
4.135,0.0009314858999997511
4.141,0.0009643183999997196
4.145,0.001247717399999737
4.151,0.0009863503999997247
4.155,0.0010932296999996982
4.161,0.0009495424999997892
4.166,0.0010390116999997034
4.17,0.0011262776999998447
4.176,0.0008649106999998324
4.18,0.0009717899999998614
4.186,0.0007496495999998465
4.19,0.0009153687999998161
4.196,0.0006932283999999123
4.201,0.0007238576999998858
4.207,0.0005605571999998671
4.211,0.0007262763999998367
4.215,0.0007743157999999251
4.221,0.0006698551999999025
4.226,0.0007593243999999277
4.231,0.0007213071499999058
4.236,0.0006832898999998838
4.242,0.0007161223999998523
4.246,0.0009406814999998181
4.252,0.0007577676999999117
4.256,0.0011000065999997588
4.261,0.0010717959999998472
4.267,0.0008104289999997794
4.271,0.0009173082999998639
4.277,0.0006951678999997934
4.281,0.0009785668999998665
4.287,0.0008348796999998465
4.292,0.0008655089999998755
4.296,0.0010998747499997852
4.302,0.0010738673499998685
4.306,0.0011219067499998459
4.312,0.0009389929499998284
4.316,0.001045872249999913
4.322,0.0009806382499998878
4.327,0.001070107449999913
4.333,0.0010539066999998292
4.337,0.001278465799999906
4.341,0.0013265051999998279
4.347,0.0011043647999998685
4.352,0.001311513799999886
4.357,0.0014205962999998545
4.362,0.0014806455499998261
4.368,0.0014644447999997978
4.372,0.0015713240999998823
4.376,0.0015016836999998118
4.382,0.001201090099999913
4.387,0.0011728794999998904
4.393,0.0011076454999998653
4.397,0.001273364699999835
4.403,0.0011689040999999234
4.407,0.0013346232999998375
4.413,0.001190936099999873
4.417,0.0012389754999999614
4.422,0.0010930850999999464
4.428,0.0009788178499999245
4.432,0.0012622168499998865
4.438,0.0011185296499999775
4.442,0.0013430887499998878
4.448,0.0012386281499999208
4.453,0.0011515776499999575
4.459,0.0009882771499999943
4.463,0.0010951564499999122
4.467,0.0009862894500000108
4.473,0.0009210554499999857
4.478,0.0011282044500000032
4.483,0.001139220449999978
4.488,0.0011012031999999006
4.494,0.001035969200000042
4.498,0.0012016883999999561
4.502,0.001288954400000042
4.508,0.0011844937999999638
4.513,0.0013328028999999852
4.519,0.0012675688999999601
4.523,0.0012567684000000523
4.529,0.0012307609999999691
4.533,0.0013964801999999943
4.538,0.0012113632000000374
4.543,0.001271412450000009
4.548,0.0011353286999999934
4.554,0.0010210614499999715
4.558,0.001127940750000056
4.564,0.0010627067499999754
4.568,0.0013461057500000484
4.574,0.0012416451499999703
4.579,0.001331114350000051
4.583,0.0014674135999999671
4.589,0.001441406199999995
4.593,0.001548285500000024
4.599,0.0014438249000000014
4.604,0.001650973900000019
4.609,0.00195618940000003
4.614,0.002016238650000002
4.618,0.0021035046499999766
4.624,0.0019205908500000701
4.628,0.002027470149999988
4.634,0.0018837829500000236
4.639,0.0018555723500000565
4.645,0.001790338350000087
4.649,0.0018383777500000087
4.655,0.0016946905500000442
4.659,0.0019192496500000655
4.664,0.0019694922500000933
4.669,0.0020785747500000618
4.674,0.0019915242499999875
4.68,0.0020733900000001193
4.684,0.0020037496000000488
4.69,0.0018992890000000817
4.694,0.002182688000000099
4.7,0.002117454000000074
4.705,0.002383442900000088
4.709,0.002519742150000115
4.715,0.002415281550000037
4.719,0.002522160850000066
4.725,0.0024569268500001518
4.73,0.002546396050000066
4.735,0.0025083788000000995
4.74,0.002568428050000071
4.744,0.002606660800000049
4.75,0.002462973600000029
4.754,0.0026286928000001097
4.76,0.0025242322000000317
4.765,0.002672541300000053
4.771,0.002607307300000028
4.775,0.002773026500000053
4.781,0.0025508861000000937
4.785,0.0024224058000000825
4.79,0.0025511016000001607
4.795,0.002218884850000158
4.8,0.002180867600000136
4.806,0.0022137001000001044
4.81,0.0024382592000001813
4.816,0.002333798600000103
4.82,0.0025583577000001245
4.825,0.0022163343000001223
4.831,0.002690466050000062
4.835,0.0041506630500001696
4.841,0.0034970300500001827
4.845,0.0024271113500001773
4.851,0.0027149167500000737
4.855,0.0034690349500000606
4.861,0.0035214807500001943
4.866,0.004375868650000059
4.87,0.003972802150000065
4.876,0.003476075550000013
4.88,0.003465275050000105
4.886,0.0032039080500000927
4.891,0.003587576750000099
4.896,0.0040398920000001
4.901,0.004345107500000112
4.907,0.003838574250000115
4.911,0.003357054550000127
4.916,0.0032111641500000565
4.921,0.003663479400000169
4.926,0.004115794650000226
4.932,0.0035602281500001776
4.936,0.0033140680500002295
4.942,0.0037587798500001157
4.946,0.004454058150000162
4.951,0.0042689411500001495
4.957,0.003762407900000153
4.961,0.0038692872000001266
4.967,0.0038040532000002125
4.971,0.0037932527000001937
4.977,0.003492659100000184
4.981,0.004305617200000278
4.987,0.004397289600000243
4.992,0.0038983598000002506
4.996,0.0035933598000001954
5.002,0.0036850322000003266
5.006,0.004262630700000158
5.012,0.003765904100000217
5.017,0.0033258142000001656
5.022,0.003287796950000199
5.027,0.0034949459500002167
5.031,0.003974477950000221
5.037,0.003870017350000199
5.042,0.003724126950000184
5.047,0.003391910200000181
5.052,0.003157759950000172
5.058,0.0030925259500001467
5.062,0.003611284550000149
5.068,0.00370295695000028
5.072,0.004045195850000183
5.077,0.003742399050000178
5.083,0.00348103205000011
5.087,0.003940950750000172
5.093,0.004150302950000073
5.097,0.004433701950000035
5.103,0.004211561550000131
5.107,0.0043772807500000455
5.113,0.004390499950000126
5.118,0.0044799691500001515
5.122,0.004518201900000185
5.128,0.004688327500000089
5.132,0.005442445700000187
5.138,0.005377211700000162
5.143,0.005054801600000158
5.148,0.005065817600000133
5.153,0.005125866850000105
5.157,0.005066033100000089
5.163,0.004765439500000079
5.167,0.004519279400000131
5.173,0.004336365600000058
5.178,0.004543514600000131
5.184,0.004478280600000051
5.188,0.004290960400000099
5.194,0.004147273200000079
5.198,0.003606913600000039
5.203,0.0035394764000000745
5.209,0.0037684419000001412
5.213,0.005346318699999908
5.219,0.004888818699999908
5.223,0.004524978799999968
5.229,0.0047735575999998114
5.233,0.004527397499999863
5.238,0.004263827299999801
5.244,0.004443759549999982
5.248,0.004785998449999829
5.254,0.00487767084999996
5.258,0.005278749649999803
5.264,0.005095835849999841
5.269,0.005244144949999863
5.273,0.005429477449999887
5.279,0.005089657249999879
5.283,0.0050788567499998605
5.289,0.005131302549999994
5.293,0.005414701549999901
5.299,0.005153334549999944
5.304,0.005066284049999981
5.31,0.004902983550000017
5.314,0.005009862849999935
5.318,0.004940222450000031
5.324,0.005149574649999933
5.329,0.007710319650000019
5.334,0.012085294899999932
5.339,0.014498940149999806
5.345,0.00887801457685017
5.349,-0.01572972736420674
5.355,-0.034369218514238895
5.359,-0.0594445692398871
5.364,-0.0771508612132747
5.37,-0.10418765297862626
5.374,-0.13667216548115607
5.38,-0.15588839157338752
5.384,-0.1826623233605048
5.39,-0.20140316462962188
5.395,-0.22939438624328526
5.399,-0.2500737227572824
5.405,-0.26374733419172103
5.409,-0.28557093834030706
5.415,-0.30120121415162376
5.419,-0.32366894678479746
5.425,-0.33811775897299573
5.43,-0.36168238001923375
5.436,-0.38133339117200277
5.44,-0.40497138993281045
5.444,-0.421331610227454
5.45,-0.43510190615785593
5.455,-0.4605985238559303
5.46,-0.4829550695443705
5.465,-0.5028580087231781
5.471,-0.5252875854450318
5.475,-0.5531511705518963
5.48,-0.5703024157018041
5.485,-0.5917666428420845
5.49,-0.6115617954727283
5.496,-0.6321654778867855
5.5,-0.6580207303551188
5.506,-0.6751383863960562
5.51,-0.6988134521489769
5.516,-0.7169855607667955
5.521,-0.7397498821377174
5.525,-0.7575460989175183
5.531,-0.7751228101006632
5.535,-0.8039680110150489
5.541,-0.8194610467750746
5.545,-0.842007267974052
5.551,-0.8591823819109556
5.556,-0.8852281296144486
5.562,-0.9068797504159231
5.566,-0.9320672352425343
5.57,-0.949212022902978
5.576,-0.9650025417820888
5.581,-0.9848603799374147
5.586,-1.0009407138331126
5.591,-1.0181959017191748
5.597,-1.0349769010897345
5.601,-1.0591532211624022
5.605,-1.0764048021689026
5.611,-1.0939049617670986
5.616,-1.1194566621549946
5.622,-1.1385305602177573
5.626,-1.1624637446518944
5.632,-1.1792088010415411
5.636,-1.204256833160262
5.642,-1.2195066131267898
5.646,-1.2414918600301021
5.651,-1.2572821422505698
5.657,-1.2768790763824178
5.661,-1.2980947389626112
5.667,-1.3094886480713397
5.671,-1.3327017568361208
5.677,-1.3497788573217337
5.682,-1.3753048967824777
5.686,-1.392021337624142
5.692,-1.4043842476750736
5.696,-1.4239415066013237
5.702,-1.4375942288291368
5.707,-1.4612276714417203
5.712,-1.4818681417946702
5.717,-1.4967697778879872
5.723,-1.5124622921572521
5.727,-1.5370113002957237
5.731,-1.5515562812680315
5.737,-1.5658202994149293
5.742,-1.5887928950600838
5.748,-1.607415740271552
5.752,-1.6290738172714931
5.758,-1.6445440622098417
5.762,-1.66819958539437
5.768,-1.6821745539096002
5.772,-1.7039440898787162
5.777,-1.7159980826564418
5.783,-1.7327903679369954
5.787,-1.7550847973829924
5.793,-1.768655835840426
5.797,-1.7879463199710108
5.803,-1.7996690426053263
5.808,-1.8189679035233284
5.812,-1.8401562121307933
5.818,-1.8561476357304336
5.822,-1.8807259348224838
5.828,-1.8973010917990059
5.833,-1.9212974246688441
5.838,-1.9394862767290486
5.843,-1.9555157217796202
5.849,-1.972228180697591
5.853,-1.9933841233018663
5.857,-2.0078114598399743
5.863,-2.021271385735581
5.868,-2.0443715120379897
5.874,-2.062396204648164
5.878,-2.081838014113905
5.884,-2.096543393400963
5.888,-2.105273230651294
5.893,-2.0455758976055454
5.898,-1.814358312050162
5.903,-1.5333700337351468
5.909,-1.1709784431644144
5.913,-0.659732308076195
5.919,-0.32361787388229823
5.923,0.13955917332126297
5.928,0.34299637683447054
5.934,0.5026961759630042
5.938,0.6478482292897406
5.944,0.696600255941391
5.948,0.7088360855835347
5.954,0.7084026214583087
5.959,0.6846317973312191
5.964,0.6484476983137607
5.969,0.6111377785559282
5.973,0.5819580946366031
5.979,0.5574903887691764
5.983,0.5230182242652619
5.989,0.5020855780209537
5.994,0.4627357884612893
6.0,0.42922634245240976
6.004,0.39558446842086126
6.01,0.3786627331851016
6.014,0.34414137106896536
6.019,0.3199427691574636
6.024,0.29716807550559765
6.029,0.27424822611336463
6.035,0.24722749878540018
6.039,0.2109487157077949
6.045,0.18839467975295088
6.049,0.15229552679075808
6.054,0.13140556734668585
6.06,0.10473973682651787
6.064,0.07235216318744864
6.07,0.05020205729039612
6.074,0.018347153166734423
6.08,-0.0019154103071946094
6.084,-0.03635615961544403
6.09,-0.05567261906625458
6.095,-0.0866867137313371
6.099,-0.11087484816646594
6.105,-0.12877215158260288
6.109,-0.15596781715232097
6.115,-0.17350741554533522
6.12,-0.19809824106225377
6.126,-0.21958478721983904
6.13,-0.24883331741719117
6.134,-0.26803859384837503
6.14,-0.2882339369835971
6.145,-0.3151686384523479
6.15,-0.33936534056146833
6.155,-0.3591471061609598
6.161,-0.3757630308876302
6.165,-0.399116684631035
6.171,-0.41156992413458854
6.175,-0.43574422606258467
6.18,-0.45207413746390734
6.186,-0.47539595338278096
6.19,-0.5001539886876586
6.196,-0.516086731533416
6.2,-0.5403709372228774
6.206,-0.5580249848455164
6.21,-0.5856599544195693
6.216,-0.6017794990190859
6.221,-0.6223299423414226
6.225,-0.6431936577923554
6.231,-0.6608360413571938
6.235,-0.6839325625927154
6.241,-0.7017271869344393
6.246,-0.7233858683086091
6.251,-0.7356282216731503
6.256,-0.7285495305280573
6.262,-0.6907894914612309
6.266,-0.5591862733089876
6.271,-0.43375509793498207
6.276,-0.32870019725136
6.281,-0.20059772505810566
6.287,-0.06206269318348488
6.291,0.06778310400730876
6.297,0.15290597895506047
6.301,0.21991387336125431
6.306,0.24478165440267785
6.312,0.2693750773350976
6.316,0.2834317273644178
6.322,0.2794042045699571
6.326,0.25233487491468815
6.332,0.23222911174334795
6.336,0.19357143220349093
6.341,0.16255491631233754
6.347,0.13278679467567356
6.351,0.10307744555893551
6.357,0.07709935644539237
6.361,0.038390613044066366
6.367,0.016653662353641394
6.372,-0.01578257157778673
6.377,-0.04101878039958025
6.382,-0.06488011421174111
6.386,-0.08848864722453403
6.392,-0.10782111125716723
6.396,-0.13516286750454937
6.402,-0.15131331131405987
6.407,-0.17561603097805845
6.413,-0.19731190650213978
6.417,-0.22376453237715593
6.423,-0.24818199097811644
6.427,-0.2807508560377204
6.432,-0.2967474297535523
6.438,-0.3148031807198407
6.442,-0.33318696425632255
6.448,-0.3373910597994899
6.452,-0.3254691844205611
6.458,-0.30515198934061144
6.462,-0.259864780246269
6.467,-0.21947912169467804
6.473,-0.16548869873004937
6.477,-0.10066197721258754
6.483,-0.06001373927483483
6.487,-0.004127572141969071
6.493,0.027542440018901326
6.498,0.0652335160302212
6.503,0.08540205250117203
6.508,0.09385358623175574
6.512,0.09352600495315849
6.518,0.08492196297182297
6.522,0.06444482635863738
6.528,0.0480393566004175
6.533,0.01666599807916888
6.539,-0.0116396125936232
6.543,-0.04023012353443872
6.547,-0.06075832400909495
6.553,-0.07679909030951451
6.558,-0.09780690638260384
6.563,-0.11233058279605931
6.568,-0.12435161944988202
6.574,-0.13160563619175417
6.578,-0.13447222437862966
6.584,-0.1305321878473831
6.588,-0.12127464621884695
6.593,-0.11151519982450522
6.599,-0.09639839050858134
6.603,-0.076191961856925
6.609,-0.06153139946788383
6.613,-0.039380143700814885
6.619,-0.02651933928865227
6.624,-0.01278595343458988
6.629,-0.006640970670893476
6.634,-0.0022102076475641885
6.638,-0.0003901679419650306
6.644,-0.0019138616720068558
6.648,-0.009642388650995731
6.654,-0.017280766357918365
6.659,-0.02895260923642573
6.665,-0.03665450130791867
6.669,-0.04678893231454165
6.673,-0.05347017835499834
6.679,-0.05799799060412594
6.684,-0.06248164563446931
6.689,-0.06352122250517975
6.694,-0.0626465586162574
6.7,-0.059446739506835405
6.704,-0.0540953903595143
6.709,-0.049743340341694225
6.714,-0.044251774914240816
6.719,-0.03846406597715396
6.725,-0.03128088955993563
6.729,-0.02409772747408437
6.735,-0.02087177203374696
6.739,-0.01951064963248264
6.745,-0.01886898416902688
6.75,-0.01967890447221779
6.754,-0.02096091194783492
6.76,-0.022901203649700858
6.764,-0.028534253309905805
6.77,-0.03164667738865401
6.774,-0.034864180733445826
6.78,-0.034951490989075074
6.785,-0.0365715618248367
6.789,-0.03828398209651043
6.795,-0.03730517571746167
6.799,-0.03327759532372282
6.805,-0.030254340121555284
6.81,-0.02904037570915316
6.815,-0.028608999287118103
6.82,-0.026312415355450203
6.826,-0.0220731443947339
6.83,-0.01903620001321696
6.834,-0.018135861165534922
6.84,-0.01764600528245233
6.845,-0.015830033802620908
6.851,-0.014079794534107931
6.855,-0.013682869614059706
6.861,-0.013928521322428389
6.865,-0.015411362786967475
6.871,-0.01545621587221746
6.876,-0.015275708732662957
6.88,-0.01593012597408386
6.886,-0.016752512624655602
6.89,-0.018168738150664193
6.896,-0.01788811437811738
6.9,-0.017300672888713425
6.906,-0.0162700780930482
6.911,-0.014369605786064582
6.915,-0.011973075073541922
6.921,-0.009444871043198633
6.925,-0.007143296415263678
6.931,-0.005551865161801978
6.936,-0.003994712206654399
6.941,-0.0030730474918741757
6.946,-0.0026888045174612296
6.952,-0.002705672705450357
6.956,-0.002983411389736873
6.96,-0.002906866507858624
6.966,-0.002711263173481665
6.971,-0.002199620350904985
6.977,-0.0009299599810976278
6.981,0.00021223497314673545
6.987,0.001359074516072839
6.991,0.0021513404857295693
6.996,0.0028099964564701763
7.001,0.0037906365177283186
7.006,0.003192920767728369
7.012,0.002485468517728351
7.016,0.0017327097177284312
7.022,0.0016234631177284298
7.026,0.0017533028177284526
7.032,0.0021147754177284206
7.037,0.0028213441177284138
7.041,0.004000495367728396
7.047,0.0051857265677285325
7.051,0.006551204167728364
7.057,0.00695190336772844
7.062,0.0074231124677284765
7.067,0.007070562967728511
7.072,0.005590248717728535
7.078,0.003607931967728545
7.082,0.0019137347677284922
7.086,0.0011217493677286028
7.092,0.0006594633677285688
7.097,0.00042459366772856777
7.103,0.0009429726677286365
7.108,0.002532139867728489
7.113,0.0038467208677284703
7.117,0.004535539617728568
7.122,0.0048694556177285575
7.127,0.005840803867728561
7.132,0.006517952617728556
7.138,0.0063988993677285555
7.142,0.0054696208677285085
7.148,0.005164241267728464
7.152,0.005117561267728443
7.157,0.004823851667728418
7.163,0.00436156566772844
7.167,0.00425604576772845
7.173,0.004186025767728446
7.177,0.003962826067728464
7.183,0.0036574464677284757
7.188,0.0032460570677284584
7.193,0.0027954410677284713
7.198,0.002393858317728481
7.202,0.002200078567728442
7.208,0.002130058567728438
7.212,0.002789457367728454
7.218,0.0033078363677284117
7.223,0.004249764667728473
7.229,0.0049152434177284765
7.233,0.006104201317728486
7.239,0.006779486717728378
7.243,0.007027006217728421
7.248,0.007086336017728401
7.253,0.0068808862677284255
7.258,0.006381237017728469
7.264,0.005673784767728451
7.268,0.004567986567728388
7.274,0.003831114367728483
7.278,0.003490234867728481
7.283,0.003471111467728466
7.289,0.0033520582177284652
7.293,0.0031876984177284795
7.299,0.0033138114177285183
7.303,0.003973210217728507
7.309,0.004099323217728518
7.313,0.004346842717728561
7.319,0.004708315317728529
7.324,0.005179524417728565
7.328,0.005574143667728515
7.334,0.005778709867728549
7.338,0.006026229367728536
7.344,0.005956209367728532
7.349,0.006192058867728556
7.355,0.006171072117728549
7.359,0.005947872417728595
7.363,0.005861965817728576
7.369,0.005595812817728529
7.374,0.004890223917728642
7.379,0.004194441667728643
7.384,0.0037438256677286286
7.39,0.003379606167728616
7.394,0.003097566567728638
7.4,0.0030667731677286314
7.404,0.003431972467728639
7.409,0.003805115067728626
7.415,0.00422542756772859
7.419,0.004884826367728606
7.425,0.005207072367728577
7.429,0.005807631267728597
7.435,0.00616910386772862
7.439,0.006475463267728576
7.445,0.006326990067728577
7.45,0.005974440567728556
7.454,0.005682594317728579
7.46,0.005298761517728595
7.464,0.004899042117728569
7.47,0.0046328891177285225
7.475,0.004574539117728538
7.48,0.004663288867728516
7.485,0.0046539721177285
7.489,0.004509225617728513
7.495,0.004713791817728519
7.5,0.005067321117728535
7.505,0.005401237117728497
7.51,0.005637086617728493
7.516,0.005812232867728473
7.52,0.006236272067728477
7.526,0.006244705267728495
7.53,0.00608034546772851
7.535,0.005943542267728502
7.541,0.005873522267728498
7.545,0.005768002367728509
7.551,0.00561952916772851
7.555,0.0056316890677285125
7.561,0.005483215867728514
7.565,0.005260016167728532
7.57,0.005044759767728474
7.576,0.004925706517728501
7.58,0.005114386117728464
7.586,0.005279725717728501
7.59,0.005468405317728492
7.596,0.0057121981177284675
7.601,0.0060068875177284875
7.606,0.0062427370177284836
7.611,0.006429553267728483
7.615,0.006382873267728462
7.621,0.006234400067728463
7.626,0.0063525697677284665
7.631,0.006441319517728444
7.636,0.006333936267728435
7.642,0.006165849767728437
7.646,0.006060329867728476
7.652,0.005872630067728479
7.656,0.00564943036772847
7.661,0.00551262716772849
7.667,0.005393573917728489
7.671,0.0056999333177285005
7.677,0.005708366517728519
7.681,0.005720526417728522
7.687,0.005846639417728561
7.691,0.006094158917728576
7.696,0.006114262117728586
7.702,0.006142308617728576
7.706,0.006213308417728575
7.712,0.006221741617728566
7.716,0.006351581317728561
7.722,0.006281561317728557
7.727,0.0060466916177285834
7.732,0.0058412418677285805
7.737,0.005831925117728565
7.741,0.005785245117728599
7.747,0.005597545317728603
7.751,0.005433185517728589
7.757,0.005480845317728578
7.762,0.005599015017728581
7.768,0.005381895267728587
7.772,0.005394055167728562
7.776,0.005347375167728596
7.782,0.0051989019677285975
7.787,0.005258231767728577
7.792,0.0052489150177285615
7.797,0.005435731267728561
7.803,0.005610877517728541
7.807,0.005799557117728504
7.813,0.0058864435177285734
7.817,0.0060162832177285686
7.822,0.006036386417728551
7.828,0.006015399667728544
7.832,0.00596871966772855
7.838,0.005702566667728559
7.842,0.005420527067728581
7.848,0.005350507067728577
7.853,0.005350996967728561
7.858,0.005439746717728566
7.863,0.005381396717728554
7.867,0.005432783217728554
7.873,0.005441216417728545
7.877,0.005335696517728555
7.883,0.005226449917728554
7.888,0.005403459517728526
7.894,0.00548053926772854
7.898,0.005610378967728535
7.902,0.0057598319677285015
7.908,0.005768265167728492
7.913,0.0058275949677285
7.918,0.0056711784677285215
7.923,0.005416695467728522
7.929,0.005248608967728524
7.933,0.005319608767728523
7.939,0.005406495167728509
7.943,0.005300975267728519
7.948,0.005281851867728504
7.954,0.0052118318677285
7.958,0.005282831667728499
7.964,0.005252038267728493
7.968,0.005205358267728499
7.974,0.00521379146772849
7.979,0.005449640967728542
7.983,0.005402960967728521
7.989,0.005450620767728509
7.993,0.005462780667728512
7.999,0.005392760667728536
8.003,0.005287240767728518
8.009,0.005177994167728517
8.014,0.0052961638677285205
8.02,0.005422276867728504
8.024,0.005493276667728503
8.028,0.005446596667728482
8.034,0.005533483067728523
8.039,0.005651652767728527
8.044,0.005789435767728501
8.049,0.0058781855177285625
8.055,0.005906232017728552
8.059,0.006094911617728543
8.065,0.006064118217728537
8.069,0.005958598317728547
8.074,0.005900248317728535
8.08,0.00568312856772854
8.084,0.005695288467728543
8.09,0.005782174867728529
8.094,0.00597085446772852
8.1,0.006018514267728509
8.105,0.006019004167728492
8.109,0.006021357417728523
8.115,0.005951337417728519
8.119,0.005845817517728502
8.125,0.005658117717728506
8.129,0.005964477117728573
8.135,0.006090590117728556
8.14,0.006149919917728508
8.146,0.006177966417728498
8.15,0.006131286417728532
8.154,0.006202286217728503
8.16,0.006289172617728489
8.165,0.006171982717728508
8.17,0.006211699217728517
8.175,0.006202382467728473
8.181,0.006181395717728522
8.185,0.0061347157177285006
8.189,0.006127262317728477
8.195,0.00609646891772847
8.2,0.006096958817728482
8.206,0.006174038567728468
8.21,0.006186198467728443
8.216,0.006037725267728444
8.22,0.006049885167728419
8.225,0.006069988367728485
8.23,0.006158738117728435
8.235,0.006002321617728457
8.241,0.0059813348677284495
8.245,0.0058169750677284915
8.251,0.005786181667728485
8.255,0.005680661767728468
8.261,0.005689094967728514
8.266,0.005924944467728455
8.27,0.0058782644677284335
8.276,0.005769017867728432
8.28,0.005957697467728451
8.286,0.006044583867728437
8.291,0.006103913667728417
8.296,0.006143630167728398
8.301,0.00613431341772841
8.307,0.006015260167728409
8.311,0.006086259967728408
8.315,0.006078806567728412
8.321,0.005969559967728411
8.326,0.005970049867728394
8.332,0.00590002986772839
8.336,0.005853349867728397
8.342,0.005861783067728388
8.346,0.005697423267728402
8.351,0.005678299867728387
8.356,0.005668983117728399
8.361,0.005610633117728386
8.367,0.005589646367728379
8.371,0.005601806267728382
8.377,0.005610239467728373
8.381,0.005740079167728368
8.387,0.005630832567728367
8.392,0.005513642667728386
8.396,0.005368896167728371
8.402,0.005338102767728392
8.406,0.005291422767728371
8.412,0.005299855967728417
8.417,0.005359185767728425
8.422,0.005300835767728412
8.427,0.005340552267728421
8.433,0.005270532267728417
8.437,0.00528269216772842
8.441,0.005314465367728394
8.447,0.0052444453677284175
8.452,0.005362615067728338
8.458,0.005390661567728328
8.462,0.0054616613677283266
8.468,0.005391641367728323
8.472,0.005286121467728333
8.477,0.005266998067728318
8.482,0.005208648067728333
8.487,0.0051502980677283206
8.493,0.00517834456772831
8.497,0.005131664567728317
8.503,0.00521855096772833
8.507,0.005407230567728294
8.513,0.005376437167728287
8.518,0.005435766967728295
8.522,0.00529102046772828
8.528,0.005181773867728279
8.532,0.005193933767728309
8.538,0.005123913767728305
8.542,0.0051949135677282765
8.548,0.005242573367728265
8.553,0.005243063267728276
8.557,0.005147350017728258
8.563,0.005195009817728247
8.567,0.005266009617728273
8.573,0.005195989617728269
8.578,0.005255319417728277
8.584,0.00523433266772827
8.588,0.005069972867728256
8.594,0.004960726267728255
8.598,0.004914046267728234
8.603,0.004855696267728249
8.608,0.0049444460177282545
8.613,0.005033195767728316
8.619,0.005110275517728302
8.623,0.005298955117728266
8.629,0.005189708517728264
8.633,0.005260708317728291
8.639,0.005308368117728279
8.644,0.005367697917728231
8.648,0.005271984667728269
8.654,0.00528041786772826
8.658,0.005292577767728235
8.664,0.0051833311677282334
8.668,0.005313170867728256
8.674,0.005243150867728252
8.679,0.005243640767728208
8.683,0.005295027267728236
8.689,0.0053426870677282245
8.693,0.005296007067728203
8.699,0.005225987067728199
8.704,0.0051087971677282185
8.709,0.005050447167728234
8.714,0.004943063917728224
8.718,0.004847350667728234
8.724,0.004855783867728225
8.729,0.004973953567728229
8.734,0.00501367006772821
8.739,0.005004353317728194
8.745,0.004983366567728215
8.749,0.00499552646772819
8.755,0.004925506467728186
8.759,0.0049376663677281885
8.764,0.004918542967728201
8.77,0.0049956227177281876
8.774,0.00500778261772819
8.78,0.004937762617728186
8.784,0.004714562917728177
8.79,0.0046445429177282005
8.794,0.004597862917728179
8.8,0.004488616317728178
8.805,0.004489106217728189
8.809,0.004491459467728193
8.815,0.004617572467728176
8.819,0.004512052567728159
8.825,0.0044420325677281824
8.83,0.00438368256772817
8.835,0.0045214655677282
8.84,0.004463115567728215
8.844,0.004465468817728219
8.85,0.004395448817728215
8.855,0.004395938717728198
8.86,0.004435655217728207
8.865,0.004475371717728188
8.871,0.004454384967728181
8.875,0.004584224667728176
8.881,0.00455343126772817
8.885,0.004624431067728169
8.89,0.004644534267728151
8.896,0.004721614017728193
8.9,0.00479261381772822
8.906,0.004761820417728213
8.91,0.004715140417728192
8.916,0.0046058938177281905
8.92,0.004500373917728229
8.925,0.004520477117728183
8.931,0.004695623367728247
8.935,0.004825463067728186
8.941,0.004676989867728132
8.945,0.0045714699677281145
8.951,0.0045799031677281055
8.956,0.004580393067728117
8.961,0.004522043067728132
8.966,0.004463693067728147
8.97,0.004367979817728129
8.976,0.004258733217728128
8.98,0.004329733017728099
8.986,0.004377392817728087
8.991,0.0042602029177281064
8.997,0.004239216167728099
9.001,0.004369055867728122
9.005,0.0042831492677281036
9.011,0.0042131292677281
9.016,0.004272459067728107
9.021,0.004263142317728064
9.026,0.004204792317728079
9.032,0.004281872067728065
9.036,0.004352871867728092
9.042,0.004361305067728083
9.046,0.00449114476772805
9.051,0.00451124796772806
9.057,0.004686394217728096
9.061,0.004757394017728067
9.067,0.004726600617728061
9.071,0.004738760517728091
9.077,0.004668740517728087
9.082,0.004610390517728075
9.087,0.004699140267728108
9.092,0.004640790267728123
9.096,0.004545077017728133
9.102,0.004435830417728132
9.106,0.004389150417728138
9.112,0.004358357017728132
9.117,0.004358846917728115
9.123,0.004337860167728136
9.127,0.004350020067728111
9.131,0.00426411346772812
9.137,0.004272546667728111
9.142,0.004214196667728126
9.147,0.004155846667728114
9.152,0.004195563167728122
9.158,0.004223609667728112
9.162,0.004235769567728087
9.168,0.004283429367728159
9.172,0.004295589267728134
9.177,0.004276465867728146
9.183,0.004353545617728133
9.187,0.004601065117728176
9.193,0.004648724917728164
9.197,0.004660884817728167
9.203,0.004551638217728166
9.208,0.004552128117728149
9.212,0.004505448117728156
9.218,0.004396201517728154
9.222,0.004290681617728165
9.228,0.004181435017728163
9.232,0.0043112747177281585
9.238,0.0043197079177281494
9.243,0.004437877617728125
9.249,0.004563990617728164
9.253,0.004693830317728159
9.257,0.004686376917728163
9.263,0.004655583517728157
9.268,0.004656073417728168
9.273,0.004548690167728159
9.278,0.0044413069177281495
9.284,0.004665486417728182
9.288,0.0047364862177282085
9.294,0.004705692817728202
9.298,0.004835532517728169
9.303,0.004737955917728187
9.309,0.004618902667728186
9.313,0.0046899024677281576
9.319,0.004698335667728204
9.323,0.0047104955677282345
9.329,0.00479738196772822
9.334,0.00497439156772822
9.338,0.005123844567728186
9.344,0.005132277767728177
9.348,0.00502675786772816
9.354,0.004839058067728164
9.358,0.004910057867728135
9.364,0.004957717667728179
9.369,0.005075887367728182
9.375,0.005005867367728178
9.379,0.004900347467728161
9.383,0.004814440867728198
9.389,0.004665967667728199
9.394,0.004548777767728163
9.399,0.004539461017728175
9.404,0.00462821076772818
9.41,0.004558190767728176
9.414,0.004511510767728155
9.418,0.0045432839677281844
9.424,0.004434037367728183
9.429,0.0043168474677281465
9.435,0.004295860717728139
9.439,0.004425700417728162
9.445,0.004434133617728153
9.449,0.004446293517728128
9.454,0.0043094903177281485
9.459,0.004251140317728164
9.464,0.00424182356772812
9.47,0.004171803567728144
9.474,0.004125123567728151
9.48,0.0041335567677281415
9.484,0.0041457166677281165
9.49,0.004154149867728135
9.495,0.004272319567728111
9.499,0.004372739317728108
9.505,0.004381172517728155
9.509,0.004275652617728165
9.515,0.004166406017728164
9.52,0.004049216117728183
9.525,0.004186999117728157
9.53,0.004128649117728145
9.536,0.004107662367728165
9.54,0.004060982367728172
9.544,0.004014302367728151
9.55,0.0039050557677281494
9.555,0.003905545667728161
9.561,0.004031658667728144
9.565,0.004102658467728143
9.571,0.004228771467728126
9.575,0.004240931367728129
9.58,0.0041825813677281165
9.585,0.004173264617728101
9.59,0.004065881367728119
9.596,0.003995861367728115
9.6,0.003949181367728122
9.606,0.003879161367728118
9.61,0.0037736414677281283
9.616,0.0038213012677281166
9.621,0.0038217911677281002
9.625,0.003775111167728107
9.631,0.0037443177677281003
9.635,0.003756477667728103
9.641,0.0038041374677280915
9.646,0.003922307167728067
9.651,0.003912990417728079
9.656,0.004001740167728057
9.662,0.0038826869177280843
9.666,0.0038948468177280593
9.67,0.003848166817728066
9.676,0.003856600017728057
9.681,0.003739410117728076
9.687,0.0035713236177280783
9.691,0.003583483517728081
9.697,0.003631143317728125
9.701,0.0036433032177281
9.706,0.0036634064177281656
9.711,0.0036540896677281776
9.716,0.003742839417728211
9.722,0.0037708859177282006
9.726,0.0039007256177281957
9.732,0.003909158817728242
9.736,0.003862478817728221
9.742,0.0037532322177282196
9.747,0.0036948822177282348
9.751,0.0037462687177282628
9.757,0.003793928517728251
9.761,0.0038649283177282223
9.767,0.0038733615177282132
9.771,0.0036501618177282036
9.777,0.0035409152177282577
9.782,0.0036002450177282097
9.786,0.00370066476772829
9.792,0.003630644767728286
9.796,0.0034074450677282764
9.802,0.00337665166772827
9.807,0.0034948213677282736
9.813,0.0034738346177282664
9.817,0.0036036743177282338
9.823,0.0036905607177282196
9.827,0.0037615605177282463
9.832,0.0038208903177281983
9.837,0.0038115735677282103
9.842,0.0038022568177282223
9.848,0.003830303317728212
9.852,0.003901303117728183
9.858,0.003831283117728179
9.862,0.003961122817728202
9.867,0.003981226017728184
9.873,0.003960239267728205
9.877,0.00397239916772818
9.883,0.003902379167728176
9.887,0.004091058767728112
9.893,0.004138718567728156
9.897,0.004033198667728166
9.903,0.004041631867728157
9.908,0.003924441967728176
9.912,0.003877761967728155
9.918,0.0038469685677281484
9.922,0.00409448806772808
9.928,0.004142147867728124
9.933,0.0040837978677281395
9.938,0.004074481117728124
9.943,0.004016131117728139
9.949,0.003897077867728138
9.953,0.0038503978677281447
9.958,0.003792047867728132
9.963,0.0036846646177281506
9.968,0.003626314617728138
9.974,0.0036543611177281277
9.978,0.0036665210177281304
9.984,0.0036749542177281214
9.988,0.003569434317728132
9.993,0.003471857717728122
9.999,0.0034508709677281146
10.003,0.0035218707677281136
10.009,0.0035303039677281045
10.013,0.0036013037677281035
10.019,0.003648963567728092
10.023,0.003778803267728087
10.029,0.003787236467728078
10.034,0.0037877263677280615
10.038,0.003790079617728065
10.044,0.0037592862177280584
10.048,0.0038302860177280573
10.054,0.0038387192177280482
10.059,0.003662689417728071
10.064,0.003702405917728052
10.069,0.0036930891677280364
10.073,0.003793508917728089
10.079,0.0037234889177281127
10.084,0.0037239788177280964
10.089,0.003665628817728084
10.094,0.0037053453177280926
10.1,0.003880491567728017
10.104,0.00389265146772802
10.108,0.003806744867728029
10.114,0.0036974982677280277
10.119,0.0038745078677280276
10.125,0.003951587617728014
10.129,0.004081427317727981
10.135,0.004089860517727972
10.139,0.004219700217727995
10.145,0.004110453617727994
10.149,0.004181453417727965
10.154,0.004201556617727975
10.16,0.004229603117727965
10.164,0.004418282717727928
10.17,0.004465942517727917
10.174,0.004360422617727955
10.18,0.004408082417727943
10.185,0.004702771817727935
10.19,0.004693455067727947
10.195,0.004586071817727966
10.199,0.0045884250677279415
10.205,0.00447917846772794
10.209,0.004491338367727971
10.215,0.004421318367727967
10.22,0.0044218082677279225
10.226,0.004449854767727912
10.23,0.0044031747677279465
10.234,0.004474174567727918
10.24,0.004521834367727906
10.245,0.00464000406772791
10.251,0.004668050567727899
10.255,0.004503690767727886
10.261,0.004472897367727935
10.265,0.00448505726772791
10.271,0.004571943667727951
10.275,0.0046429434677279224
10.28,0.004623820067727935
10.286,0.004651866567727925
10.29,0.004958225967727992
10.296,0.00500588576772798
10.3,0.004959205767727959
10.306,0.004967638967728005
10.311,0.0050858086677279535
10.316,0.005076491917727938
10.321,0.00506717516772795
10.325,0.005167594917727947
10.331,0.005176028117727938
10.335,0.005188188017727913
10.341,0.0051181680177279365
10.346,0.00511865791772792
10.352,0.005097671167727913
10.356,0.004992151267727923
10.36,0.00494547126772793
10.366,0.004953904467727921
10.371,0.005013234267727901
10.376,0.005101984017727962
10.381,0.005141700517727943
10.387,0.005071680517727939
10.391,0.005083840417727942
10.397,0.00497459381772794
10.401,0.004869073917727951
10.406,0.004771497317727941
10.412,0.004701477317727937
10.416,0.004654797317727943
10.422,0.004545550717727942
10.426,0.0044988707177279486
10.432,0.0045073039177279395
10.437,0.004507793817727951
10.441,0.0045101470677279265
10.447,0.004479353667727948
10.451,0.004491513567727923
10.457,0.004499946767727969
10.461,0.0046886263677279605
10.467,0.004657832967727954
10.472,0.004776002667727958
10.478,0.004656949417727957
10.482,0.004845629017727948
10.486,0.004877402217727922
10.494,0.004784042217727935
10.497,0.004905938617727923
10.502,0.004906428517727934
10.507,0.004848078517727922
10.513,0.004876125017727939
10.517,0.00494712481772791
10.523,0.0047986516177279115
10.527,0.0048696514177279104
10.532,0.0047720748177279
10.538,0.004603988317727903
10.542,0.0046749881177279295
10.548,0.004761874517727915
10.554,0.004927214117727896
10.558,0.004880534117727875
10.563,0.00482218411772789
10.567,0.004726470867727872
10.573,0.004695677467727866
10.577,0.004766677267727892
10.583,0.004814337067727881
10.587,0.004944176767727848
10.593,0.005031063167727834
10.598,0.005031553067727845
10.602,0.004935839817727827
10.608,0.004905046417727821
10.614,0.004835026417727817
10.618,0.004729506517727855
10.623,0.004631929917727873
10.628,0.004622613167727829
10.633,0.004319096917727805
10.639,0.004200043667727804
10.645,0.004365383267727785
10.647,0.004400883167727798
10.653,0.004370089767727792
10.658,0.004429419567727799
10.664,0.004506499317727786
10.668,0.004636339017727753
10.674,0.0046055456177277465
10.678,0.004794225217727738
10.683,0.004932008217727768
10.688,0.004873658217727783
10.693,0.004766274967727802
10.699,0.004794321467727791
10.703,0.00474764146772777
10.709,0.004638394867727769
10.713,0.004827074467727788
10.719,0.0049139608677277735
10.724,0.004973290667727753
10.728,0.0050246771677277535
10.734,0.004836977367727757
10.738,0.00484913726772776
10.744,0.004896797067727748
10.749,0.00477960716772774
10.754,0.004721257167727755
10.759,0.0048590401677277295
10.765,0.004887086667727719
10.769,0.0050757662677277104
10.773,0.005146766067727709
10.779,0.005076746067727705
10.784,0.0049007162677277005
10.79,0.004928762767727718
10.794,0.004823242867727701
10.8,0.004713996267727699
10.804,0.004784996067727698
10.809,0.004726646067727713
10.814,0.004815395817727691
10.819,0.004855112317727672
10.825,0.00488315881772769
10.829,0.004895318717727665
10.835,0.004825298717727661
10.839,0.0048374586177276635
10.845,0.004963571617727647
10.85,0.004964061517727658
10.854,0.005064481267727655
10.86,0.005033687867727649
10.864,0.004928167967727631
10.87,0.0049366011677277055
10.875,0.004819411267727697
10.88,0.004712028017727687
10.885,0.004751744517727696
10.889,0.004705064517727703
10.895,0.004713497717727694
10.899,0.004843337417727689
10.905,0.0047340908177276875
10.91,0.004616900917727679
10.916,0.0047430139177277175
10.92,0.004872853617727713
10.926,0.0048812868177277036
10.93,0.00483460681772771
10.935,0.0047370302177277
10.94,0.004678680217727715
10.945,0.0046693634677277
10.951,0.004746443217727742
10.955,0.0048174430177277405
10.961,0.004865102817727729
10.965,0.004994942517727724
10.97,0.004936592517727739
10.976,0.0048175392677277384
10.98,0.004653179467727753
10.986,0.004504706267727754
10.99,0.004516866167727757
10.996,0.004446846167727753
11.001,0.0045061759677277324
11.006,0.004398792717727751
11.011,0.004340442717727738
11.015,0.004489895717727732
11.021,0.004459102317727726
11.025,0.004471262217727728
11.031,0.004518922017727717
11.036,0.004695931617727717
11.042,0.004723978117727706
11.046,0.004677298117727713
11.05,0.004591391517727694
11.056,0.004482144917727721
11.061,0.004600314617727641
11.066,0.004738097617727671
11.071,0.00463071436772769
11.077,0.004413594617727695
11.081,0.004366914617727702
11.087,0.004296894617727698
11.091,0.004367894417727697
11.096,0.004309544417727684
11.102,0.004337590917727674
11.106,0.004349750817727677
11.112,0.004358184017727668
11.116,0.004605703517727711
11.122,0.004653363317727699
11.126,0.004724363117727698
11.131,0.004626786517727688
11.137,0.004507733267727687
11.141,0.004461053267727694
11.147,0.004430259867727687
11.154,0.004407409767727688
11.157,0.004578339417727673
11.162,0.004608249267727654
11.167,0.004598932517727666
11.172,0.004540582517727654
11.178,0.004421529267727653
11.182,0.004551368967727648
11.187,0.004532245567727661
11.192,0.004571962067727642
11.197,0.004660711817727703
11.203,0.004639725067727696
11.207,0.004710724867727667
11.214,0.004707488067727722
11.217,0.0047411246177277155
11.222,0.004712194567727729
11.228,0.004593141317727728
11.232,0.0044876214177277385
11.238,0.004378374817727737
11.244,0.004367194717727729
11.248,0.0045558743177277206
11.252,0.004548420917727697
11.258,0.004478400917727721
11.263,0.004478890817727704
11.267,0.004383177567727714
11.274,0.004340714167727716
11.277,0.004237057617727719
11.283,0.004167037617727715
11.288,0.004226367417727694
11.293,0.004266083917727703
11.298,0.004305800417727684
11.304,0.004333846917727674
11.308,0.004346006817727677
11.313,0.004326883417727662
11.318,0.00436659991772767
11.323,0.0041611501677276674
11.329,0.004189196667727657
11.334,0.004130846667727672
11.337,0.00409583666772767
11.343,0.004055236617727664
11.348,0.003996886617727652
11.354,0.004024933117727669
11.358,0.003919413217727652
11.364,0.003888619817727673
11.368,0.003783099917727656
11.374,0.003948439517727664
11.378,0.0040194393177276355
11.383,0.003921862717727653
11.389,0.0038518427177276493
11.395,0.0035464631177276607
11.399,0.0035586230177276634
11.403,0.003590396217727665
11.409,0.0035988294177277114
11.414,0.003540479417727699
11.419,0.003482129417727714
11.424,0.0034728126677276983
11.428,0.003426132667727705
11.434,0.003356112667727701
11.438,0.0033682725677277037
11.444,0.0032590259677277023
11.449,0.0031418360677277213
11.455,0.0032189158177277077
11.459,0.0032899156177277067
11.463,0.0031647824177277184
11.469,0.003133989017727712
11.474,0.0031933188177276917
11.48,0.0031723320677276845
11.484,0.003361011667727676
11.49,0.0033302182677276693
11.494,0.0034600579677276644
11.5,0.0033900379677276604
11.504,0.003284518067727671
11.509,0.003186941467727661
11.515,0.0032149879677276505
11.519,0.003168307967727657
11.525,0.0031375145677276506
11.529,0.0031496744677276534
11.535,0.0030796544677276494
11.54,0.0029624645677276684
11.544,0.003013851067727641
11.55,0.0030222842677276873
11.554,0.0028579244677277016
11.56,0.0028663576677276925
11.564,0.0027019978677277068
11.57,0.0027104310677276977
11.575,0.002652081067727713
11.581,0.0026310943177277057
11.585,0.0026432542177276808
11.589,0.0025965742177276874
11.595,0.002565780817727681
11.6,0.0026251106177276884
11.605,0.0026157938677276726
11.61,0.0026555103677276815
11.616,0.0027816233677276647
11.62,0.0027349433677276713
11.626,0.0025864701677276725
11.63,0.0025397901677276513
11.635,0.002638346567727712
11.641,0.0026173598177277047
11.645,0.0026295197177277074
11.651,0.002598726317727701
11.655,0.0025520463177277075
11.661,0.0024820263177277035
11.666,0.0025413561177276833
11.67,0.00249467611772769
11.676,0.002503109317727681
11.68,0.002691788917727672
11.686,0.0025825423177276707
11.69,0.002359342617727689
11.696,0.002407002417727677
11.701,0.002525172117727653
11.707,0.0024061188677276524
11.711,0.002418278767727655
11.715,0.0024500519677276567
11.721,0.0023408053677276552
11.726,0.0022824553677276427
11.731,0.002175072117727661
11.736,0.0021167221177276485
11.742,0.0020957353677276414
11.746,0.002107895267727644
11.751,0.0020887718677276568
11.756,0.002079455117727641
11.761,0.002168204867727702
11.767,0.002196251367727692
11.771,0.002326091067727687
11.777,0.0024129774677277283
11.781,0.002366297467727735
11.786,0.0023471740677277197
11.792,0.0023752205677277094
11.796,0.0024462203677277083
11.802,0.0023762003677277044
11.806,0.002270680467727715
11.812,0.002200660467727711
